"","text","favorited","favoriteCount","replyToSN","created","truncated","replyToSID","id","replyToUID","statusSource","screenName","retweetCount","isRetweet","retweeted","longitude","latitude"
"1","This stunning 4 bed home just outside Dunmore East in Co Waterford was recently added to the market by REA O'Shea O… https://t.co/lLrzdJCYbR",FALSE,0,NA,2019-10-07 13:56:50,TRUE,NA,"1181206752647364610",NA,"<a href=""https://mobile.twitter.com"" rel=""nofollow"">Twitter Web App</a>","MyHomeProperty",0,FALSE,FALSE,NA,NA
"2","The final release of 3 bed houses are now available at Ballycullen Green in Dublin 24. For sale via @dng_ie, the pr… https://t.co/GzeqWiu68Y",FALSE,1,NA,2019-10-04 15:08:13,TRUE,NA,"1180137554315755521",NA,"<a href=""https://mobile.twitter.com"" rel=""nofollow"">Twitter Web App</a>","MyHomeProperty",1,FALSE,FALSE,NA,NA
"3","Today's #TransformationTuesday home is this 3 bed terraced house in Stoneybatter, Dublin 7. A Victorian period resi… https://t.co/QF0LeG0TTR",FALSE,0,NA,2019-10-01 15:18:32,TRUE,NA,"1179052988553404417",NA,"<a href=""https://mobile.twitter.com"" rel=""nofollow"">Twitter Web App</a>","MyHomeProperty",0,FALSE,FALSE,NA,NA
"4","Congrats to Glaslough in Co Monaghan on being named Ireland's Tidiest Town earlier today. You could be living there… https://t.co/hYF0VIY2xb",FALSE,0,NA,2019-09-30 15:09:08,TRUE,NA,"1178688233212907520",NA,"<a href=""https://mobile.twitter.com"" rel=""nofollow"">Twitter Web App</a>","MyHomeProperty",0,FALSE,FALSE,NA,NA
"5","Property price inflation looks set to flatline by the end of the year, according to the latest… https://t.co/TBZbYEgewj",FALSE,17,NA,2019-09-30 07:45:14,TRUE,NA,"1178576524225765377",NA,"<a href=""https://mobile.twitter.com"" rel=""nofollow"">Twitter Web App</a>","MyHomeProperty",6,FALSE,FALSE,NA,NA
"6","One of the finest examples of quality Neo Georgian Architecture around, The Beckett in Two Mile Borris in Co Tipper… https://t.co/FF9C9YAAu9",FALSE,0,NA,2019-09-27 08:04:23,TRUE,NA,"1177494180043509769",NA,"<a href=""https://mobile.twitter.com"" rel=""nofollow"">Twitter Web App</a>","MyHomeProperty",0,FALSE,FALSE,NA,NA
"7","Homes don't come much more impressive than the stunning Moy Ire in Sutton, Dublin 13 - a beach front property with… https://t.co/QDM5ZZY5FG",FALSE,1,NA,2019-09-26 11:14:52,TRUE,NA,"1177179728140230657",NA,"<a href=""https://mobile.twitter.com"" rel=""nofollow"">Twitter Web App</a>","MyHomeProperty",0,FALSE,FALSE,NA,NA
"8","Recently added to the market is this 4 bed terraced house in East Wall, Dublin 3, which is open for viewing this Sa… https://t.co/7FPkFlWcok",FALSE,1,NA,2019-09-25 08:19:56,TRUE,NA,"1176773314569789440",NA,"<a href=""https://mobile.twitter.com"" rel=""nofollow"">Twitter Web App</a>","MyHomeProperty",1,FALSE,FALSE,NA,NA
"9","This 4 bed home in Celbridge, Co Kildare has recently come to the market via @CoonanProperty. Check it out now on… https://t.co/zWJXlIfez4",FALSE,1,NA,2019-09-23 14:58:26,TRUE,NA,"1176148823879704576",NA,"<a href=""https://mobile.twitter.com"" rel=""nofollow"">Twitter Web App</a>","MyHomeProperty",0,FALSE,FALSE,NA,NA
"10","The new 4 bed semi-detached show house at Green Lane Manor in Rathcoole, Co Dublin opens this weekend via selling a… https://t.co/Yz6qs0ik7B",FALSE,0,NA,2019-09-19 17:57:44,TRUE,NA,"1174744395918315522",NA,"<a href=""https://mobile.twitter.com"" rel=""nofollow"">Twitter Web App</a>","MyHomeProperty",0,FALSE,FALSE,NA,NA
"11","The Wicklow home of Irish actress Saoirse Ronan, Pine Lodge in Greystones, has been placed up for sale via Galvin P… https://t.co/EzkmKVr0J0",FALSE,6,NA,2019-09-18 15:15:14,TRUE,NA,"1174341113827745795",NA,"<a href=""https://mobile.twitter.com"" rel=""nofollow"">Twitter Web App</a>","MyHomeProperty",1,FALSE,FALSE,NA,NA
"12","Shesharoe House in Portroe, Co Tipperary is a stunning period home on c.6 acres which dates from early 1870s. Havin… https://t.co/M5520XXRp4",FALSE,0,NA,2019-09-18 09:49:04,TRUE,NA,"1174259030136692736",NA,"<a href=""https://mobile.twitter.com"" rel=""nofollow"">Twitter Web App</a>","MyHomeProperty",0,FALSE,FALSE,NA,NA
"13","Today's #TransformationTuesday is this 3 bed terraced house in Glasnevin, Dublin 9, which has been renovated and up… https://t.co/F6JKa3zdB2",FALSE,1,NA,2019-09-17 14:09:33,TRUE,NA,"1173962196939935744",NA,"<a href=""https://mobile.twitter.com"" rel=""nofollow"">Twitter Web App</a>","MyHomeProperty",0,FALSE,FALSE,NA,NA
"14","The Rugby World Cup gets underway later this week but regardless of how Ireland fare in Japan you could be close to… https://t.co/nAXtqjdcs0",FALSE,0,NA,2019-09-16 15:19:17,TRUE,NA,"1173617357794828288",NA,"<a href=""https://mobile.twitter.com"" rel=""nofollow"">Twitter Web App</a>","MyHomeProperty",0,FALSE,FALSE,NA,NA
"15","Room to Improve giving you inspiration? There are hundreds of properties on https://t.co/I0viYecPxH with the potent… https://t.co/ExDRY8X9Mw",FALSE,0,NA,2019-09-15 20:31:05,TRUE,NA,"1173333436855128064",NA,"<a href=""https://mobile.twitter.com"" rel=""nofollow"">Twitter Web App</a>","MyHomeProperty",0,FALSE,FALSE,NA,NA
"16","This stylish 3 bed apartment at Merrion Woods in Blackrock, Co Dublin, has recently been added to the market by… https://t.co/OdJeqyHGCj",FALSE,0,NA,2019-09-13 11:58:21,TRUE,NA,"1172479627136307200",NA,"<a href=""https://about.twitter.com/products/tweetdeck"" rel=""nofollow"">TweetDeck</a>","MyHomeProperty",0,FALSE,FALSE,NA,NA
"17","Annamore in Blackrock, Co Dublin is a stunning 5 bed Georgian residence which is now on the market via @Sherry_Fitz… https://t.co/Iu0cqP9CYT",FALSE,1,NA,2019-09-13 10:42:55,TRUE,NA,"1172460645511548929",NA,"<a href=""https://about.twitter.com/products/tweetdeck"" rel=""nofollow"">TweetDeck</a>","MyHomeProperty",0,FALSE,FALSE,NA,NA
"18","The last remaining 4 bed homes at Stepaside Park in Stepaside, Dublin 18, are now available. These stunning new hom… https://t.co/WWAR1piyMR",FALSE,3,NA,2019-09-11 18:39:13,TRUE,NA,"1171855733970886657",NA,"<a href=""https://mobile.twitter.com"" rel=""nofollow"">Twitter Web App</a>","MyHomeProperty",0,FALSE,FALSE,NA,NA
"19","The next phase of homes in the Ballinahinch Wood development in Ashford, Co Wicklow, launches this Saturday and Sun… https://t.co/7f6HHdMtyU",FALSE,3,NA,2019-09-10 14:31:24,TRUE,NA,"1171430981326102533",NA,"<a href=""https://mobile.twitter.com"" rel=""nofollow"">Twitter Web App</a>","MyHomeProperty",2,FALSE,FALSE,NA,NA
"20","This charming 3 bed cottage in Irishtown, Dublin 4, is open for viewing this Saturday from 1.45pm to 2.15pm via You… https://t.co/9B0MZU5p8v",FALSE,0,NA,2019-09-06 13:37:04,TRUE,NA,"1169967754788691974",NA,"<a href=""https://mobile.twitter.com"" rel=""nofollow"">Twitter Web App</a>","MyHomeProperty",0,FALSE,FALSE,NA,NA
"21","Brookfield, a new development of homes in Malahide, Co Dublin, has just launched via selling agents @JLLIreland. Ca… https://t.co/itL4qJowi0",FALSE,1,NA,2019-09-05 14:06:36,TRUE,NA,"1169612799410094081",NA,"<a href=""https://mobile.twitter.com"" rel=""nofollow"">Twitter Web App</a>","MyHomeProperty",0,FALSE,FALSE,NA,NA
"22","Mariavilla is a new development of 3 and 4 bed homes in Maynooth, Co Kildare, which is launching this weekend via s… https://t.co/4n1OH0faCQ",FALSE,0,NA,2019-09-05 13:49:19,TRUE,NA,"1169608452366376960",NA,"<a href=""https://mobile.twitter.com"" rel=""nofollow"">Twitter Web App</a>","MyHomeProperty",0,FALSE,FALSE,NA,NA
"23","This stylish 4 bed home in Kinvara, Co Galway was recently added to the market by @briankinvara. Take a virtual tou… https://t.co/A4oxOnWrHm",FALSE,0,NA,2019-09-05 13:18:33,TRUE,NA,"1169600708536086528",NA,"<a href=""https://mobile.twitter.com"" rel=""nofollow"">Twitter Web App</a>","MyHomeProperty",0,FALSE,FALSE,NA,NA
"24","Today's Property of the Day on https://t.co/I0viYecPxH is The Stables in Mount Merrion, Co Dublin, a new developmen… https://t.co/eInDUBS1dY",FALSE,3,NA,2019-09-04 09:20:23,TRUE,NA,"1169178383470727168",NA,"<a href=""https://mobile.twitter.com"" rel=""nofollow"">Twitter Web App</a>","MyHomeProperty",1,FALSE,FALSE,NA,NA
"25","The final phase of homes at Stocking Avenue in Rathfarnham, Dublin 16, is open for viewing this Saturday and Sunday… https://t.co/749NjNUK2I",FALSE,1,NA,2019-09-03 15:18:42,TRUE,NA,"1168906170276425729",NA,"<a href=""https://mobile.twitter.com"" rel=""nofollow"">Twitter Web App</a>","MyHomeProperty",0,FALSE,FALSE,NA,NA
"26","These stunning new homes at Holsteiner Park in Clonee, Co Meath are open for viewing this Saturday from 11am to 12… https://t.co/yCHtygL4Yi",FALSE,0,NA,2019-09-02 11:58:23,TRUE,NA,"1168493369808609280",NA,"<a href=""https://mobile.twitter.com"" rel=""nofollow"">Twitter Web App</a>","MyHomeProperty",0,FALSE,FALSE,NA,NA
"27","The third phase of homes in the Bellingsfield development in Naas, Co Kildare launches this weekend through joint s… https://t.co/aHaE846ZhO",FALSE,2,NA,2019-08-30 11:01:36,TRUE,NA,"1167391914963931137",NA,"<a href=""https://mobile.twitter.com"" rel=""nofollow"">Twitter Web App</a>","MyHomeProperty",2,FALSE,FALSE,NA,NA
"28","A new release of homes will launch this weekend in the Glenheron development in Greystones, Co Wicklow. On the mark… https://t.co/DYwauZCMKy",FALSE,1,NA,2019-08-30 07:46:07,TRUE,NA,"1167342720630870016",NA,"<a href=""https://mobile.twitter.com"" rel=""nofollow"">Twitter Web App</a>","MyHomeProperty",0,FALSE,FALSE,NA,NA
"29","Today's #TransformationTuesday is this 3 bed house in Foxrock, Dublin 18, which has been reconfigured from top to b… https://t.co/gJhyXW0ms0",FALSE,0,NA,2019-08-27 15:13:03,TRUE,NA,"1166368032182218754",NA,"<a href=""https://mobile.twitter.com"" rel=""nofollow"">Twitter Web App</a>","MyHomeProperty",0,FALSE,FALSE,NA,NA
"30","Today's #ThrowbackThursday is Holyrood Castle in Sandymount, Dublin 4. Dating from the 19th century, it was transfo… https://t.co/bDU6z6MEtt",FALSE,1,NA,2019-08-22 15:01:00,TRUE,NA,"1164553060779266049",NA,"<a href=""https://mobile.twitter.com"" rel=""nofollow"">Twitter Web App</a>","MyHomeProperty",0,FALSE,FALSE,NA,NA
"31","Today's #TransformationTuesday is this 2 bed terraced home in Blackrock, Co Dublin which was modernised and upgrade… https://t.co/Fx8W8NC6eY",FALSE,0,NA,2019-08-20 14:09:18,TRUE,NA,"1163815271640920066",NA,"<a href=""https://mobile.twitter.com"" rel=""nofollow"">Twitter Web App</a>","MyHomeProperty",0,FALSE,FALSE,NA,NA
"32","After their All-Ireland victory yesterday Tipperary is as good a spot to be as any right now and you could be wakin… https://t.co/5g98iroD19",FALSE,0,NA,2019-08-19 15:10:40,TRUE,NA,"1163468327425052674",NA,"<a href=""https://mobile.twitter.com"" rel=""nofollow"">Twitter Web App</a>","MyHomeProperty",0,FALSE,FALSE,NA,NA
"33","Few properties can boast a backdrop as stunning as The Burren but this four bed house in Fanore, Co Clare certainly… https://t.co/xrlKP8iG4x",FALSE,0,NA,2019-08-18 17:46:07,TRUE,NA,"1163145059937726465",NA,"<a href=""https://mobile.twitter.com"" rel=""nofollow"">Twitter Web App</a>","MyHomeProperty",0,FALSE,FALSE,NA,NA
"34","The Old Oak House in Churchtown, Dublin 14 was only built three years ago so it oozes modern charm with a Mini in t… https://t.co/gHMlCAZVD4",FALSE,1,NA,2019-08-16 13:55:26,TRUE,NA,"1162362234200363009",NA,"<a href=""https://mobile.twitter.com"" rel=""nofollow"">Twitter Web App</a>","MyHomeProperty",0,FALSE,FALSE,NA,NA
"35","Ivy Lodge is a stunning Georgian style home in Donnybrook, Dublin 4 which dates from circa 1740 but has been brough… https://t.co/xVe2m7BTC0",FALSE,1,NA,2019-08-15 07:47:05,TRUE,NA,"1161907145434161152",NA,"<a href=""https://mobile.twitter.com"" rel=""nofollow"">Twitter Web App</a>","MyHomeProperty",1,FALSE,FALSE,NA,NA
"36","Today's #TransformationTuesday is this 2 bed cottage in Stoneybatter, Dublin 7, which has been fully refurbished to… https://t.co/EbZTUolGUn",FALSE,1,NA,2019-08-13 15:17:41,TRUE,NA,"1161295769649012736",NA,"<a href=""https://mobile.twitter.com"" rel=""nofollow"">Twitter Web App</a>","MyHomeProperty",2,FALSE,FALSE,NA,NA
"37","Today's #MondayMotivation comes in the form of the spacious Fletcherstown Lodge in Wilkinstown, Navan, Co Meath, a… https://t.co/469flNNC6N",FALSE,3,NA,2019-08-12 13:46:37,TRUE,NA,"1160910461736554496",NA,"<a href=""https://mobile.twitter.com"" rel=""nofollow"">Twitter Web App</a>","MyHomeProperty",1,FALSE,FALSE,NA,NA
"38","There's something quintessentially Irish about a thatched cottage and they don't come much better than Gorse Cottag… https://t.co/GLz3A6GJOj",FALSE,1,NA,2019-08-09 15:16:50,TRUE,NA,"1159846002276233216",NA,"<a href=""https://mobile.twitter.com"" rel=""nofollow"">Twitter Web App</a>","MyHomeProperty",0,FALSE,FALSE,NA,NA
"39","I remember that summer in Dublin... You'd certain relish life in the big city all year round if you lived in this s… https://t.co/wVhS861UWp",FALSE,3,NA,2019-08-08 12:02:34,TRUE,NA,"1159434727473987584",NA,"<a href=""https://mobile.twitter.com"" rel=""nofollow"">Twitter Web App</a>","MyHomeProperty",2,FALSE,FALSE,NA,NA
"40","The stunning Stone Hall in Glendore, Co Cork is a restored waterfront Georgian property overlooking Glandore harbou… https://t.co/76gYzkSytJ",FALSE,0,NA,2019-08-03 16:27:27,TRUE,NA,"1157689444876652544",NA,"<a href=""https://mobile.twitter.com"" rel=""nofollow"">Twitter Web App</a>","MyHomeProperty",0,FALSE,FALSE,NA,NA
"41","The stunning Jenkinstown House in Kilkenny dates from the 19th century but has been masterfully restored in recent… https://t.co/xe3mneBlKe",FALSE,1,NA,2019-08-02 09:42:42,TRUE,NA,"1157225198162239488",NA,"<a href=""https://mobile.twitter.com"" rel=""nofollow"">Twitter Web App</a>","MyHomeProperty",1,FALSE,FALSE,NA,NA
"42","Our MD Angela Keegan with the Premier League trophy! https://t.co/6mF9J98OE0",FALSE,1,NA,2019-08-02 07:37:50,FALSE,NA,"1157193777968275456",NA,"<a href=""https://mobile.twitter.com"" rel=""nofollow"">Twitter Web App</a>","MyHomeProperty",0,FALSE,FALSE,NA,NA
"43","This super stylish 5 bed in Dartmouth Square in Ranelagh, Dublin 6 is open for viewing this Saturday from 1.30pm to… https://t.co/mRCd5MMLp3",FALSE,2,NA,2019-07-26 15:12:38,TRUE,NA,"1154771516816601088",NA,"<a href=""https://mobile.twitter.com"" rel=""nofollow"">Twitter Web App</a>","MyHomeProperty",0,FALSE,FALSE,NA,NA
"44","Sexton's Bar in Kinvara, Co Galway has been in the Sexton family for five generations but now it could be yours. Th… https://t.co/fyM9cfpcyN",FALSE,0,NA,2019-07-26 14:24:10,TRUE,NA,"1154759316244746242",NA,"<a href=""https://mobile.twitter.com"" rel=""nofollow"">Twitter Web App</a>","MyHomeProperty",0,FALSE,FALSE,NA,NA
"45","The Ryder Cup is on the way to Adare in Co Limerick in 2026 and you could be too if you get your hands on The Gable… https://t.co/58mOq7wa8V",FALSE,0,NA,2019-07-25 15:16:27,TRUE,NA,"1154410087043293184",NA,"<a href=""https://mobile.twitter.com"" rel=""nofollow"">Twitter Web App</a>","MyHomeProperty",1,FALSE,FALSE,NA,NA
"46","County Offaly has been in the news plenty this week after Shane Lowry's Open Championship success and you could be… https://t.co/hNCWNKfJY8",FALSE,1,NA,2019-07-24 15:14:32,TRUE,NA,"1154047215964311556",NA,"<a href=""https://mobile.twitter.com"" rel=""nofollow"">Twitter Web App</a>","MyHomeProperty",0,FALSE,FALSE,NA,NA
"47","Open for viewing this weekend from 12 noon to 2pm on Saturday and Sunday is Bellingham, a new development of homes… https://t.co/Xq2UZkKVmO",FALSE,0,NA,2019-07-20 08:28:59,TRUE,NA,"1152495606763524096",NA,"<a href=""https://mobile.twitter.com"" rel=""nofollow"">Twitter Web App</a>","MyHomeProperty",0,FALSE,FALSE,NA,NA
"48","This stylish home in Stepaside, Dublin 18, is open for viewing this Saturday from 12 noon to 12.30pm with… https://t.co/rBWAixkuZD",FALSE,0,NA,2019-07-19 12:50:42,TRUE,NA,"1152199080208228352",NA,"<a href=""http://twitter.com"" rel=""nofollow"">Twitter Web Client</a>","MyHomeProperty",0,FALSE,FALSE,NA,NA
"49","This stunning property in Clonlara, Co Clare offers country living just five miles from Limerick. For sale via DNG… https://t.co/ovrUzL1zd1",FALSE,0,NA,2019-07-14 19:28:10,TRUE,NA,"1150487168906924032",NA,"<a href=""http://twitter.com"" rel=""nofollow"">Twitter Web Client</a>","MyHomeProperty",0,FALSE,FALSE,NA,NA
"50","The phrase turn key condition can often be overused but it certainly applies to this stylish 3 bed bungalow in Arkl… https://t.co/4q36YDRzWL",FALSE,1,NA,2019-07-13 19:28:16,TRUE,NA,"1150124803531124736",NA,"<a href=""http://twitter.com"" rel=""nofollow"">Twitter Web Client</a>","MyHomeProperty",1,FALSE,FALSE,NA,NA
"51","The girls in the MyHome offices are 'obsessed' with this property in Sutton and it's easy to see why. Moy Ire is on… https://t.co/6hhbRV5L13",FALSE,0,NA,2019-07-12 17:40:50,TRUE,NA,"1149735381199273984",NA,"<a href=""http://twitter.com"" rel=""nofollow"">Twitter Web Client</a>","MyHomeProperty",0,FALSE,FALSE,NA,NA
"52","Today's #ThrowbackThursday is this 2 bed period house in Old Kilmainham, Dublin 8. Dating from the 1920s, it has be… https://t.co/BhuCY3lod2",FALSE,1,NA,2019-07-11 10:13:54,TRUE,NA,"1149260519393636352",NA,"<a href=""http://twitter.com"" rel=""nofollow"">Twitter Web Client</a>","MyHomeProperty",1,FALSE,FALSE,NA,NA
"53","Into the West! Get over the midweek slump with the panoramic views on offer in this 4 bed detached home at Dorrins… https://t.co/4qw02Qv7mv",FALSE,1,NA,2019-07-10 14:23:01,TRUE,NA,"1148960824444248064",NA,"<a href=""http://twitter.com"" rel=""nofollow"">Twitter Web Client</a>","MyHomeProperty",0,FALSE,FALSE,NA,NA
"54","Wouldn’t Tuesday be a lot easier if you were gazing out the windows of this stylish three bed in Foxford, Co Mayo?… https://t.co/oixs4Vxmmi",FALSE,0,NA,2019-07-09 18:20:46,TRUE,NA,"1148658264755855361",NA,"<a href=""http://twitter.com"" rel=""nofollow"">Twitter Web Client</a>","MyHomeProperty",0,FALSE,FALSE,NA,NA
"55","Today's #MondayMotivation comes in the form of the stunning Fairyhill House in Parteen, Co Clare, a 6 bed Georgian… https://t.co/8p09T8Tjpj",FALSE,0,NA,2019-07-08 15:06:02,TRUE,NA,"1148246872957554688",NA,"<a href=""http://twitter.com"" rel=""nofollow"">Twitter Web Client</a>","MyHomeProperty",0,FALSE,FALSE,NA,NA
"56","It might look like a bunker from afar but Bauhaus, a 5 bed home in Rathfarnham, Dublin 14, is a masterpiece of arch… https://t.co/lxDgvPOI81",FALSE,1,NA,2019-07-04 13:34:28,TRUE,NA,"1146774278945353728",NA,"<a href=""http://twitter.com"" rel=""nofollow"">Twitter Web Client</a>","MyHomeProperty",0,FALSE,FALSE,NA,NA
"57","Where better to be when the sun is shining than at the beach. You could be waking up to the sights of the sea and s… https://t.co/GmxQOHU8Pt",FALSE,2,NA,2019-07-03 15:12:17,TRUE,NA,"1146436505994485762",NA,"<a href=""http://twitter.com"" rel=""nofollow"">Twitter Web Client</a>","MyHomeProperty",0,FALSE,FALSE,NA,NA
"58","Country living not far from the city! This two bed apartment in Greystones, Co Wicklow overlooks Charlesland Golf c… https://t.co/wPwAxCwFbP",FALSE,1,NA,2019-07-02 17:40:07,TRUE,NA,"1146111319898284037",NA,"<a href=""http://twitter.com"" rel=""nofollow"">Twitter Web Client</a>","MyHomeProperty",0,FALSE,FALSE,NA,NA
"59","Today's #MondayMotivation is like something from Wysteria Lane. Serenity in Killiney, Co Dublin, certainly wouldn't… https://t.co/WaBErkVA1k",FALSE,0,NA,2019-07-01 15:16:04,TRUE,NA,"1145712684211613697",NA,"<a href=""http://twitter.com"" rel=""nofollow"">Twitter Web Client</a>","MyHomeProperty",0,FALSE,FALSE,NA,NA
"60","Find out the latest property prices in your area in the https://t.co/I0viYecPxH Property Report in association with… https://t.co/ikAjnsjooE",FALSE,1,NA,2019-07-01 09:11:03,TRUE,NA,"1145620821743931394",NA,"<a href=""http://twitter.com"" rel=""nofollow"">Twitter Web Client</a>","MyHomeProperty",0,FALSE,FALSE,NA,NA
"61","Open for viewing this afternoon from 2pm to 2.30pm in the Kilbelin Abbey development in Newbridge, Co Kildare. On t… https://t.co/aZVD4nT2U4",FALSE,1,NA,2019-06-29 11:09:49,TRUE,NA,"1144925936288247808",NA,"<a href=""http://twitter.com"" rel=""nofollow"">Twitter Web Client</a>","MyHomeProperty",0,FALSE,FALSE,NA,NA
"62","The stunning Hotwell in Enniskerry, Co Wicklow is open for viewing this Saturday from 11am to 11.30am via… https://t.co/VqdHrLu5Ny",FALSE,7,NA,2019-06-28 15:28:54,TRUE,NA,"1144628746839908352",NA,"<a href=""http://twitter.com"" rel=""nofollow"">Twitter Web Client</a>","MyHomeProperty",1,FALSE,FALSE,NA,NA
"63","Today's #ThrowbackThursday is this 4 bed detached house in Greystones, Co Wicklow. Built in 1916, Old Kaspar has be… https://t.co/LoSu9mdWqX",FALSE,0,NA,2019-06-27 15:19:25,TRUE,NA,"1144263972205580290",NA,"<a href=""http://twitter.com"" rel=""nofollow"">Twitter Web Client</a>","MyHomeProperty",0,FALSE,FALSE,NA,NA
"64","AIB hosting ‘Find Your Home’ event in Galway on Sunday https://t.co/AiqJGrbRla https://t.co/6JGrCdpHsZ",FALSE,3,NA,2019-06-26 14:24:39,FALSE,NA,"1143887804981755905",NA,"<a href=""http://publicize.wp.com/"" rel=""nofollow"">WordPress.com</a>","MyHomeProperty",0,FALSE,FALSE,NA,NA
"65","@DDDDooley Hi Michael, sorry to hear you are not a fan. If you could email any feedback to support@myhome.ie it wou… https://t.co/Yw7nVxVd6c",FALSE,0,"DDDDooley",2019-06-26 13:50:10,TRUE,"1143778381156245504","1143879126979362821","23443827","<a href=""http://twitter.com"" rel=""nofollow"">Twitter Web Client</a>","MyHomeProperty",0,FALSE,FALSE,NA,NA
"66","Today's #TransformationTuesday is this 3 bed terraced house on Whitworth Road in Drumcondra, Dublin 9. This period… https://t.co/5pvekiZhp7",FALSE,1,NA,2019-06-25 15:01:25,TRUE,NA,"1143534670501634048",NA,"<a href=""http://twitter.com"" rel=""nofollow"">Twitter Web Client</a>","MyHomeProperty",0,FALSE,FALSE,NA,NA
"67","The Downton Abbey movie is on its way to cinemas this September but you could be living like Lord or Lady Grantham… https://t.co/pMaaqmBcaH",FALSE,2,NA,2019-06-24 11:31:31,TRUE,NA,"1143119456438235136",NA,"<a href=""http://twitter.com"" rel=""nofollow"">Twitter Web Client</a>","MyHomeProperty",1,FALSE,FALSE,NA,NA
"68","It was a great weekend for Donegal with winning another Ulster title but you'd feel like a winner every day if you… https://t.co/SxAcOdO12b",FALSE,2,NA,2019-06-23 17:23:35,TRUE,NA,"1142845668979027968",NA,"<a href=""http://twitter.com"" rel=""nofollow"">Twitter Web Client</a>","MyHomeProperty",1,FALSE,FALSE,NA,NA
"69","Open for viewing this afternoon is this stunning 5 bed bungalow in Conahy, Co Kilkenny. On the market via Sherry Fi… https://t.co/T2XDbyVQDi",FALSE,0,NA,2019-06-22 11:51:58,TRUE,NA,"1142399826488909824",NA,"<a href=""http://twitter.com"" rel=""nofollow"">Twitter Web Client</a>","MyHomeProperty",0,FALSE,FALSE,NA,NA
"70","New to the market and open for viewing this Saturday is 549 South Circular Road in Kilmainham, Dublin 8. This elega… https://t.co/qSJxgv694g",FALSE,1,NA,2019-06-21 14:58:06,TRUE,NA,"1142084280916594689",NA,"<a href=""http://twitter.com"" rel=""nofollow"">Twitter Web Client</a>","MyHomeProperty",0,FALSE,FALSE,NA,NA
"71","The forecast is good that the sun is finally set to shine and there are few better places to enjoy it than at this… https://t.co/5fRYAxFzCe",FALSE,0,NA,2019-06-21 14:36:38,TRUE,NA,"1142078880909602816",NA,"<a href=""http://twitter.com"" rel=""nofollow"">Twitter Web Client</a>","MyHomeProperty",0,FALSE,FALSE,NA,NA
"72","Recently added to the market in Gortmore, Co Cork is the stunning 4 bed Kilshalvey House. For sale via @DNGJohnRyan… https://t.co/T7g7fnaeDl",FALSE,0,NA,2019-06-20 07:52:05,TRUE,NA,"1141614684279398400",NA,"<a href=""http://twitter.com"" rel=""nofollow"">Twitter Web Client</a>","MyHomeProperty",0,FALSE,FALSE,NA,NA
"73","Today's #TransformationTuesday is this 3 bed end of terrace house in Ballsbridge, Dublin 4, which has been refurbis… https://t.co/AyOO6DvLtK",FALSE,0,NA,2019-06-18 11:48:21,TRUE,NA,"1140949366963920896",NA,"<a href=""http://twitter.com"" rel=""nofollow"">Twitter Web Client</a>","MyHomeProperty",0,FALSE,FALSE,NA,NA
"74","There'll be plenty staying up late tonight to watch the final round of the US Open. You can practice your putting s… https://t.co/TK0ScHrfgA",FALSE,2,NA,2019-06-16 16:17:58,TRUE,NA,"1140292442652119044",NA,"<a href=""http://twitter.com"" rel=""nofollow"">Twitter Web Client</a>","MyHomeProperty",0,FALSE,FALSE,NA,NA
"75","A mix of old world meets modern interiors in this superb 5 bed home in Ballymacarbry, Co Waterford. On the market v… https://t.co/wMu4nKPfzX",FALSE,0,NA,2019-05-13 11:14:37,TRUE,NA,"1127894916263235584",NA,"<a href=""http://twitter.com"" rel=""nofollow"">Twitter Web Client</a>","MyHomeProperty",0,FALSE,FALSE,NA,NA
"76","Room to Improve might not be back on our screens until September but this 3 bed home in Swords, Co Dublin, wouldn't… https://t.co/xh9g4h8Bgh",FALSE,1,NA,2019-05-12 20:38:46,TRUE,NA,"1127674499808354305",NA,"<a href=""http://twitter.com"" rel=""nofollow"">Twitter Web Client</a>","MyHomeProperty",1,FALSE,FALSE,NA,NA
"77","Longstone in Naas, Co Kildare is a new development of 3 and 4 bed homes launching this weekend. For sale via joint… https://t.co/YHVq1rmyTd",FALSE,1,NA,2019-05-11 09:24:42,TRUE,NA,"1127142478761660416",NA,"<a href=""http://twitter.com"" rel=""nofollow"">Twitter Web Client</a>","MyHomeProperty",2,FALSE,FALSE,NA,NA
"78","Westminster Wood is a new development of 1, 2, 3 and 4 bed homes in Foxrock, Dublin 18 which is launching this week… https://t.co/FpP2vIn18c",FALSE,0,NA,2019-05-10 14:39:08,TRUE,NA,"1126859220303994880",NA,"<a href=""http://twitter.com"" rel=""nofollow"">Twitter Web Client</a>","MyHomeProperty",0,FALSE,FALSE,NA,NA
"79","Four new developments launching across the country this weekend https://t.co/81sZIb4u6Q",FALSE,0,NA,2019-05-10 11:32:11,FALSE,NA,"1126812173097943041",NA,"<a href=""http://twitter.com"" rel=""nofollow"">Twitter Web Client</a>","MyHomeProperty",0,FALSE,FALSE,NA,NA
"80","Janeville is a new development of 3, 4 and 5 bed homes in Carrigaline, Co Cork, which is currently on the market vi… https://t.co/dmwuMkVCef",FALSE,0,NA,2019-05-09 14:01:21,TRUE,NA,"1126487321564598274",NA,"<a href=""http://twitter.com"" rel=""nofollow"">Twitter Web Client</a>","MyHomeProperty",0,FALSE,FALSE,NA,NA
"81","Gandon Park is a new development of 3 and 4 bed homes from Cairn Homes in Lucan, Co Dublin. Find out more and regis… https://t.co/Ewlh8xuqI1",FALSE,0,NA,2019-05-09 08:15:24,TRUE,NA,"1126400263466770432",NA,"<a href=""http://twitter.com"" rel=""nofollow"">Twitter Web Client</a>","MyHomeProperty",0,FALSE,FALSE,NA,NA
"82","It might not feel much like summer today but this stylish 4 bed house in Killaloe, Co Clare would have you counting… https://t.co/SlQHxVRMHs",FALSE,0,NA,2019-05-08 14:18:03,TRUE,NA,"1126129136827805696",NA,"<a href=""http://twitter.com"" rel=""nofollow"">Twitter Web Client</a>","MyHomeProperty",0,FALSE,FALSE,NA,NA
"83","Oh I do like to be beside the seaside! Homes don't come with much better views than The Cliff in Tramore, Co Waterf… https://t.co/ga2tpL1DTo",FALSE,1,NA,2019-05-07 14:37:52,TRUE,NA,"1125771737805750272",NA,"<a href=""http://twitter.com"" rel=""nofollow"">Twitter Web Client</a>","MyHomeProperty",0,FALSE,FALSE,NA,NA
"84","This two bed period house in Rialto, Dublin 8, is the definition of 'turn key condition'. For sale via @OwenReilly,… https://t.co/Tnt4XfFjrE",FALSE,1,NA,2019-05-06 08:36:25,TRUE,NA,"1125318386655821825",NA,"<a href=""http://twitter.com"" rel=""nofollow"">Twitter Web Client</a>","MyHomeProperty",2,FALSE,FALSE,NA,NA
"85","This 2 bed end of terrace house in Stoneybatter, Dublin 7, has been transformed into an ultra-chic, light-filled ho… https://t.co/TUqZ32xtZt",FALSE,4,NA,2019-05-02 15:01:58,TRUE,NA,"1123965860551561219",NA,"<a href=""http://twitter.com"" rel=""nofollow"">Twitter Web Client</a>","MyHomeProperty",2,FALSE,FALSE,NA,NA
"86","Today's #TransformationTuesday is this 2 bed period house in Portobello, Dublin 8 which was completely refurbished… https://t.co/iah6zwjZ18",FALSE,0,NA,2019-04-30 15:11:56,TRUE,NA,"1123243593777451008",NA,"<a href=""http://twitter.com"" rel=""nofollow"">Twitter Web Client</a>","MyHomeProperty",0,FALSE,FALSE,NA,NA
"87","Today’s #MondayMotivation comes in the form of the picturesque Bumblebee Cottage in Killybegs, Co Donegal. On the m… https://t.co/hqXS9wJENS",FALSE,1,NA,2019-04-29 18:51:26,TRUE,NA,"1122936447760240641",NA,"<a href=""http://twitter.com"" rel=""nofollow"">Twitter Web Client</a>","MyHomeProperty",0,FALSE,FALSE,NA,NA
"88","Clog na Léinn is a new development of 3 and 4 bed homes in Collinstown, Co Westmeath which are open for viewing tod… https://t.co/StCd2HpQ7i",FALSE,0,NA,2019-04-27 11:10:43,TRUE,NA,"1122095726517944321",NA,"<a href=""http://twitter.com"" rel=""nofollow"">Twitter Web Client</a>","MyHomeProperty",0,FALSE,FALSE,NA,NA
"89","Friday and pay day. The only thing that could make the weekend a bit better would be if you were going home to this… https://t.co/VEbeCeXv8u",FALSE,3,NA,2019-04-26 14:53:28,TRUE,NA,"1121789393998475271",NA,"<a href=""http://twitter.com"" rel=""nofollow"">Twitter Web Client</a>","MyHomeProperty",2,FALSE,FALSE,NA,NA
"90","Today's #ThrowbackThursday Thursday is Scart House, a magnificent Georgian property in Castlecove, Co Kerry, which… https://t.co/ERYfo5BX9g",FALSE,4,NA,2019-04-25 14:49:11,TRUE,NA,"1121425932114440194",NA,"<a href=""http://twitter.com"" rel=""nofollow"">Twitter Web Client</a>","MyHomeProperty",0,FALSE,FALSE,NA,NA
"91","The second @UlsterBank First Time Buyers Event of the year will be held on April 25th in Cork’s River Lee Hotel. Th… https://t.co/cyQ8dajJOO",FALSE,13,NA,2019-04-25 13:39:27,TRUE,NA,"1121408382748057600",NA,"<a href=""http://twitter.com"" rel=""nofollow"">Twitter Web Client</a>","MyHomeProperty",3,FALSE,FALSE,NA,NA
"92","A new release of apartments and duplexes at Elsmore in Naas, Co Kildare are launching off plan this Saturday and Su… https://t.co/gjmPm6VPmf",FALSE,1,NA,2019-04-25 10:33:49,TRUE,NA,"1121361666275454977",NA,"<a href=""http://twitter.com"" rel=""nofollow"">Twitter Web Client</a>","MyHomeProperty",0,FALSE,FALSE,NA,NA
"93","Number of apartments being built in Dublin on the rise https://t.co/C9koquFLSa",FALSE,0,NA,2019-04-24 10:29:28,FALSE,NA,"1120998182253522944",NA,"<a href=""https://www.google.com/"" rel=""nofollow"">Google</a>","MyHomeProperty",1,FALSE,FALSE,NA,NA
"94","There's something wonderful about the west of Ireland when the sun is shining. This 5 bed detached house at Cloondr… https://t.co/dcP8ZZvPbn",FALSE,2,NA,2019-04-24 08:44:27,TRUE,NA,"1120971754673987584",NA,"<a href=""http://twitter.com"" rel=""nofollow"">Twitter Web Client</a>","MyHomeProperty",0,FALSE,FALSE,NA,NA
"95","This spacious 5 bed home in Kilternan sits on an acre of superb grounds in the foothills of the Dublin Mountains Fo… https://t.co/gBSHJrurGu",FALSE,2,NA,2019-04-17 11:22:39,TRUE,NA,"1118474849452724224",NA,"<a href=""http://twitter.com"" rel=""nofollow"">Twitter Web Client</a>","MyHomeProperty",1,FALSE,FALSE,NA,NA
"96","Today's #TransformationTuesday is this 5 bed double fronted home in Churchtown, Dublin 14. The property dates from… https://t.co/VVj2A9eEb5",FALSE,1,NA,2019-04-16 15:09:57,TRUE,NA,"1118169664436174848",NA,"<a href=""http://twitter.com"" rel=""nofollow"">Twitter Web Client</a>","MyHomeProperty",0,FALSE,FALSE,NA,NA
"97","Today's #MondayMotivation is this stunning 3 bed detached house on the shores of Lough Conn in Co Mayo which comes… https://t.co/GLSmLfVw5y",FALSE,0,NA,2019-04-15 15:11:20,TRUE,NA,"1117807627235463170",NA,"<a href=""http://twitter.com"" rel=""nofollow"">Twitter Web Client</a>","MyHomeProperty",1,FALSE,FALSE,NA,NA
"98","Game of Thrones is back on TV and here at https://t.co/I0viYecPxH we feel the stunning 18th Century Knockdrin Castl… https://t.co/TNnT09jdIn",FALSE,0,NA,2019-04-15 11:37:15,TRUE,NA,"1117753751257931778",NA,"<a href=""http://twitter.com"" rel=""nofollow"">Twitter Web Client</a>","MyHomeProperty",0,FALSE,FALSE,NA,NA
"99","Manor Brook, a new development of 3 and 4 bed homes in Adare, Co Limerick launches this weekend through REA O'Conno… https://t.co/JFbGGbEa5c",FALSE,0,NA,2019-04-12 11:35:07,TRUE,NA,"1116666049414430720",NA,"<a href=""http://twitter.com"" rel=""nofollow"">Twitter Web Client</a>","MyHomeProperty",1,FALSE,FALSE,NA,NA
"100","Masterful Homes: 7 of the best golf themed houses on the market right now https://t.co/j5eu62Zn40",FALSE,0,NA,2019-04-12 10:41:29,FALSE,NA,"1116652550781120512",NA,"<a href=""https://www.google.com/"" rel=""nofollow"">Google</a>","MyHomeProperty",0,FALSE,FALSE,NA,NA
"101","Today's #ThrowbackThursday is this stylish Georgian townhouse in Rathmines, Dublin 6. The interior of this stylish… https://t.co/PBVCcIgrdG",FALSE,1,NA,2019-04-11 14:32:04,TRUE,NA,"1116348194416361472",NA,"<a href=""http://twitter.com"" rel=""nofollow"">Twitter Web Client</a>","MyHomeProperty",0,FALSE,FALSE,NA,NA
"102","Lisney opens its doors in Dalkey https://t.co/qO6Hx1nlw7",FALSE,0,NA,2019-04-11 11:44:35,FALSE,NA,"1116306045276704768",NA,"<a href=""https://www.google.com/"" rel=""nofollow"">Google</a>","MyHomeProperty",0,FALSE,FALSE,NA,NA
"103","Lisney opens its doors in Dalkey https://t.co/ET4gH4fAiG https://t.co/1Y65weAUWu",FALSE,0,NA,2019-04-11 11:44:21,FALSE,NA,"1116305986275487744",NA,"<a href=""http://publicize.wp.com/"" rel=""nofollow"">WordPress.com</a>","MyHomeProperty",0,FALSE,FALSE,NA,NA
"104","Residential property prices up 4.3% in the year to February https://t.co/0tZplraBQn",FALSE,1,NA,2019-04-11 11:38:29,FALSE,NA,"1116304507858767872",NA,"<a href=""https://www.google.com/"" rel=""nofollow"">Google</a>","MyHomeProperty",0,FALSE,FALSE,NA,NA
"105","Residential property prices up 4.3% in the year to February https://t.co/cji7xwWtHG https://t.co/waGnTZ1ciJ",FALSE,1,NA,2019-04-11 11:15:16,FALSE,NA,"1116298666275409920",NA,"<a href=""http://publicize.wp.com/"" rel=""nofollow"">WordPress.com</a>","MyHomeProperty",1,FALSE,FALSE,NA,NA
"106","On a day like today we'd love to be lounging about in this stunning penthouse in Smithfield which combines superb l… https://t.co/AVQEHj4G4s",FALSE,1,NA,2019-04-10 11:14:25,TRUE,NA,"1115936065104359425",NA,"<a href=""http://twitter.com"" rel=""nofollow"">Twitter Web Client</a>","MyHomeProperty",1,FALSE,FALSE,NA,NA
"107","This former gate lodge at Coolagown in Fermoy, Co Cork has been transformed spectacularly over the years into one o… https://t.co/rh5oHT6uve",FALSE,1,NA,2019-04-09 20:34:55,TRUE,NA,"1115714730268790787",NA,"<a href=""http://twitter.com"" rel=""nofollow"">Twitter Web Client</a>","MyHomeProperty",0,FALSE,FALSE,NA,NA
"108","Today's #TransformationTuesday home comes in the form of this stylish 3 bed terrace house on Dublin's South Circula… https://t.co/3cgOseZhEm",FALSE,1,NA,2019-04-09 11:55:21,TRUE,NA,"1115583976561938433",NA,"<a href=""http://twitter.com"" rel=""nofollow"">Twitter Web Client</a>","MyHomeProperty",1,FALSE,FALSE,NA,NA
"109","Need some #MondayMotivation? How about heading home to the stunning Old Oak House in Churchtown, Dublin 14? Located… https://t.co/xECf6YwiS9",FALSE,1,NA,2019-04-08 11:21:25,TRUE,NA,"1115213048535560193",NA,"<a href=""http://twitter.com"" rel=""nofollow"">Twitter Web Client</a>","MyHomeProperty",0,FALSE,FALSE,NA,NA
"110","Protected: 7 tips you can’t miss for tackling a fixer-upper https://t.co/wNSZOdgPEQ",FALSE,0,NA,2019-04-08 11:09:11,FALSE,NA,"1115209973624078338",NA,"<a href=""http://publicize.wp.com/"" rel=""nofollow"">WordPress.com</a>","MyHomeProperty",0,FALSE,FALSE,NA,NA
"111","They don't make them like this any more. This stylish four bed period house in Sandymount, Dublin 4, combines super… https://t.co/qPH2f9Niye",FALSE,0,NA,2019-04-07 19:42:05,TRUE,NA,"1114976661169156097",NA,"<a href=""http://twitter.com"" rel=""nofollow"">Twitter Web Client</a>","MyHomeProperty",0,FALSE,FALSE,NA,NA
"112","Drumnigh Manor is a new development of 3, 4 and 5 bed homes launching this weekend in Portmarnock, Co Dublin. The s… https://t.co/GDGmpY239d",FALSE,1,NA,2019-04-05 13:45:06,TRUE,NA,"1114162045971202048",NA,"<a href=""http://twitter.com"" rel=""nofollow"">Twitter Web Client</a>","MyHomeProperty",1,FALSE,FALSE,NA,NA
"113","New reforms to protect renters announced by Housing Minister https://t.co/cjCMEVLKBa",FALSE,0,NA,2019-04-05 09:45:52,FALSE,NA,"1114101841552232449",NA,"<a href=""https://www.google.com/"" rel=""nofollow"">Google</a>","MyHomeProperty",0,FALSE,FALSE,NA,NA
"114","This 4 bed end of terrace house in Monkstown has been extended and renovated over the years. Now on the market via… https://t.co/Bg7HWpDF50",FALSE,1,NA,2019-04-05 09:29:32,TRUE,NA,"1114097728718610432",NA,"<a href=""http://twitter.com"" rel=""nofollow"">Twitter Web Client</a>","MyHomeProperty",0,FALSE,FALSE,NA,NA
"115","New reforms to protect renters announced by Housing Minister https://t.co/S4pHnFeXk3 https://t.co/zKmu51Lzri",FALSE,0,NA,2019-04-05 09:23:11,FALSE,NA,"1114096132190277632",NA,"<a href=""http://publicize.wp.com/"" rel=""nofollow"">WordPress.com</a>","MyHomeProperty",0,FALSE,FALSE,NA,NA
"116","No change to Local Property Tax until 2021 https://t.co/alw5kcfg7o",FALSE,0,NA,2019-04-04 15:02:45,FALSE,NA,"1113819199212851201",NA,"<a href=""https://www.google.com/"" rel=""nofollow"">Google</a>","MyHomeProperty",0,FALSE,FALSE,NA,NA
"117","No change to Local Property Tax until 2021 https://t.co/MWPP7UvKL9 https://t.co/xgAiI6fj0J",FALSE,0,NA,2019-04-04 15:02:40,FALSE,NA,"1113819176370692098",NA,"<a href=""http://publicize.wp.com/"" rel=""nofollow"">WordPress.com</a>","MyHomeProperty",0,FALSE,FALSE,NA,NA
"118","Today's #ThrowbackThursday comes in the form of the stunning Monterosa, a 5 bed period house in Dalkey, Co Dublin.… https://t.co/9YIzAlsPE9",FALSE,1,NA,2019-04-04 14:54:21,TRUE,NA,"1113817084222418946",NA,"<a href=""http://twitter.com"" rel=""nofollow"">Twitter Web Client</a>","MyHomeProperty",1,FALSE,FALSE,NA,NA
"119","The next phase of the Elder Heath development in Dublin 24 is launching this month through @dng_ie. Find out more a… https://t.co/Q70qbwTkk7",FALSE,1,NA,2019-04-03 08:12:19,TRUE,NA,"1113353524111466496",NA,"<a href=""http://twitter.com"" rel=""nofollow"">Twitter Web Client</a>","MyHomeProperty",1,FALSE,FALSE,NA,NA
"120","Today’s #TransformationTuesday property is this recently refurbished 3 bed detached house at Gortbrac, Castletownse… https://t.co/AtC4qqPfOF",FALSE,0,NA,2019-04-02 18:29:35,TRUE,NA,"1113146473456300033",NA,"<a href=""http://twitter.com"" rel=""nofollow"">Twitter Web Client</a>","MyHomeProperty",0,FALSE,FALSE,NA,NA
"121","#MondayMotivation today comes in the form of Glendhu, a 5 bed detached home in Foxrock, Dublin 18. Extremely privat… https://t.co/69W0LjOao3",FALSE,1,NA,2019-04-01 14:02:32,TRUE,NA,"1112716882510053376",NA,"<a href=""http://twitter.com"" rel=""nofollow"">Twitter Web Client</a>","MyHomeProperty",0,FALSE,FALSE,NA,NA
"122","Into the west… if you’re looking for somewhere peaceful with views to savour then the Beach Cottage on Inishbofin I… https://t.co/RehV8s4r80",FALSE,2,NA,2019-03-30 16:45:46,TRUE,NA,"1112033184240275456",NA,"<a href=""http://twitter.com"" rel=""nofollow"">Twitter Web Client</a>","MyHomeProperty",0,FALSE,FALSE,NA,NA
"123","This 3 bed terraced house in Bray has been transformed by its current owners into a truly stunning home with a supe… https://t.co/N647DfdrPj",FALSE,5,NA,2019-03-29 16:05:27,TRUE,NA,"1111660652832141312",NA,"<a href=""http://twitter.com"" rel=""nofollow"">Twitter Web Client</a>","MyHomeProperty",1,FALSE,FALSE,NA,NA
"124","Why do I need to use https://t.co/gONeWtaCZC? https://t.co/gk18ug9Wyf",FALSE,0,NA,2019-03-29 15:06:14,FALSE,NA,"1111645750390411265",NA,"<a href=""http://publicize.wp.com/"" rel=""nofollow"">WordPress.com</a>","MyHomeProperty",0,FALSE,FALSE,NA,NA
"125","Rents continue to rise but signs of a slowdown emerge https://t.co/eaFdqf4uOA",FALSE,0,NA,2019-03-29 11:01:20,FALSE,NA,"1111584118146510848",NA,"<a href=""https://www.google.com/"" rel=""nofollow"">Google</a>","MyHomeProperty",0,FALSE,FALSE,NA,NA
"126","Irish homeowners to emerge from negative equity by end of next year https://t.co/4ZOaA5fmJD",FALSE,0,NA,2019-03-29 11:01:20,FALSE,NA,"1111584118041657344",NA,"<a href=""https://www.google.com/"" rel=""nofollow"">Google</a>","MyHomeProperty",0,FALSE,FALSE,NA,NA
"127","Irish homeowners to emerge from negative equity by end of next year https://t.co/bbz51Y6GIN",FALSE,0,NA,2019-03-29 10:54:29,FALSE,NA,"1111582395696848896",NA,"<a href=""http://publicize.wp.com/"" rel=""nofollow"">WordPress.com</a>","MyHomeProperty",0,FALSE,FALSE,NA,NA
"128","Rents continue to rise but signs of a slowdown emerge https://t.co/UlD43un89r https://t.co/W0FHbImLNY",FALSE,0,NA,2019-03-29 10:43:21,FALSE,NA,"1111579593629224963",NA,"<a href=""http://publicize.wp.com/"" rel=""nofollow"">WordPress.com</a>","MyHomeProperty",0,FALSE,FALSE,NA,NA
"129","The latest Property Report from https://t.co/I0viYecPxH in association with @DavyResearch is out now. Visit… https://t.co/t5dkFrbQxK",FALSE,0,NA,2019-03-29 07:00:19,TRUE,NA,"1111523465457295360",NA,"<a href=""http://twitter.com"" rel=""nofollow"">Twitter Web Client</a>","MyHomeProperty",2,FALSE,FALSE,NA,NA
"130","The new phase of 4 bed homes at Ballycullen Green are open for viewing this Saturday and Sunday from 2pm to 4pm. Fo… https://t.co/SNL29h9FnH",FALSE,2,NA,2019-03-28 21:47:05,TRUE,NA,"1111384237465174019",NA,"<a href=""http://twitter.com"" rel=""nofollow"">Twitter Web Client</a>","MyHomeProperty",0,FALSE,FALSE,NA,NA
"131","This weekend two and three bedroom apartments and duplexes will be launched in Shackleton Park, Lucan, for the firs… https://t.co/nGLwklAIDc",FALSE,0,NA,2019-03-28 12:25:28,TRUE,NA,"1111242902833975296",NA,"<a href=""http://twitter.com"" rel=""nofollow"">Twitter Web Client</a>","MyHomeProperty",0,FALSE,FALSE,NA,NA
"132","Sponsored: Expert speakers will provide insights and advice to prospective first-time buyers at events in Cork and… https://t.co/OLC0afeJbE",FALSE,2,NA,2019-03-28 08:53:10,TRUE,NA,"1111189474309038081",NA,"<a href=""http://twitter.com"" rel=""nofollow"">Twitter Web Client</a>","MyHomeProperty",0,FALSE,FALSE,NA,NA
"133","Recently added to the market on https://t.co/I0viYecPxH is this stylish 4 bed house in Midleton, Co Cork. For sale… https://t.co/uBzTLN1AEn",FALSE,0,NA,2019-03-27 16:55:06,TRUE,NA,"1110948369055260672",NA,"<a href=""http://twitter.com"" rel=""nofollow"">Twitter Web Client</a>","MyHomeProperty",1,FALSE,FALSE,NA,NA
"134","Today's #TransformationTuesday property is this stylish 4 bed semi-detached home in Mount Merrion, Co Dublin which… https://t.co/MWmImYTp3Y",FALSE,0,NA,2019-03-26 16:08:45,TRUE,NA,"1110574318428278784",NA,"<a href=""http://twitter.com"" rel=""nofollow"">Twitter Web Client</a>","MyHomeProperty",0,FALSE,FALSE,NA,NA
"135","The final phase of homes in Odin's Way on Taylor's Lane in Rathfarnham, Dublin 16, launches this weekend with viewi… https://t.co/6yIl99eQ2e",FALSE,0,NA,2019-03-25 16:14:18,TRUE,NA,"1110213326439677953",NA,"<a href=""http://twitter.com"" rel=""nofollow"">Twitter Web Client</a>","MyHomeProperty",0,FALSE,FALSE,NA,NA
"136","The stunning showhouses at Ashfield - Ridgewood in Swords, Co Dublin are open for viewing once again this weekend.… https://t.co/ygJEWbRCTx",FALSE,0,NA,2019-02-20 15:38:23,TRUE,NA,"1098245487910703104",NA,"<a href=""http://twitter.com"" rel=""nofollow"">Twitter Web Client</a>","MyHomeProperty",0,FALSE,FALSE,NA,NA
"137","Today’s #TransformationTuesday is this stunning 4 bed in Drumcondra, Dublin 9. Built in the 1930s, it has been exte… https://t.co/auvNolNXyy",FALSE,1,NA,2019-02-19 14:19:53,TRUE,NA,"1097863345464582146",NA,"<a href=""http://twitter.com"" rel=""nofollow"">Twitter Web Client</a>","MyHomeProperty",1,FALSE,FALSE,NA,NA
"138","45% of all properties bought for cash last year https://t.co/svuANiEUoD",FALSE,0,NA,2019-02-18 15:54:11,FALSE,NA,"1097524688912289792",NA,"<a href=""https://www.google.com/"" rel=""nofollow"">Google</a>","MyHomeProperty",0,FALSE,FALSE,NA,NA
"139","45% of all properties bought for cash last year https://t.co/OZt7bdzMiU https://t.co/9yTfctVQut",FALSE,0,NA,2019-02-18 15:54:03,FALSE,NA,"1097524655915716608",NA,"<a href=""http://publicize.wp.com/"" rel=""nofollow"">WordPress.com</a>","MyHomeProperty",0,FALSE,FALSE,NA,NA
"140","Today’s #MondayMotivation comes in the form of this 4 bed house in Mount Merrion, Co Dublin, which is for sale at p… https://t.co/EfOOh9KNI9",FALSE,1,NA,2019-02-18 15:31:17,TRUE,NA,"1097518926769070081",NA,"<a href=""http://twitter.com"" rel=""nofollow"">Twitter Web Client</a>","MyHomeProperty",0,FALSE,FALSE,NA,NA
"141","Who's looking forward to Dermot Bannon's Incredible Homes tonight? There are plenty of incredible homes over on… https://t.co/VzXn2j5SGm",FALSE,1,NA,2019-02-17 19:50:24,TRUE,NA,"1097221748267864065",NA,"<a href=""http://twitter.com"" rel=""nofollow"">Twitter Web Client</a>","MyHomeProperty",0,FALSE,FALSE,NA,NA
"142","Looking for some afternoon plans? Why not check out the stunning new homes for sale at Daneswell Place in Glasnevin… https://t.co/3VeWgOsg1S",FALSE,0,NA,2019-02-16 11:51:52,TRUE,NA,"1096738934212694016",NA,"<a href=""http://twitter.com"" rel=""nofollow"">Twitter Web Client</a>","MyHomeProperty",0,FALSE,FALSE,NA,NA
"143","Launching this weekend in Mornington, Co Meath is Glen Boann, a new development of 3 bed homes being brought to the… https://t.co/RsrC4XJuTJ",FALSE,2,NA,2019-02-15 10:48:28,TRUE,NA,"1096360589587349504",NA,"<a href=""http://twitter.com"" rel=""nofollow"">Twitter Web Client</a>","MyHomeProperty",2,FALSE,FALSE,NA,NA
"144","Launching this weekend in Ashford, Co Wicklow is Ballinahinch Wood, a new development of 3 and 4 bed homes for sale… https://t.co/hf6vsdDbVo",FALSE,4,NA,2019-02-14 15:16:09,TRUE,NA,"1096065566165610498",NA,"<a href=""http://twitter.com"" rel=""nofollow"">Twitter Web Client</a>","MyHomeProperty",2,FALSE,FALSE,NA,NA
"145","Property prices nationally up 6.5% in the year https://t.co/b6XKigBQSr",FALSE,1,NA,2019-02-14 11:53:38,FALSE,NA,"1096014602108915712",NA,"<a href=""https://www.google.com/"" rel=""nofollow"">Google</a>","MyHomeProperty",0,FALSE,FALSE,NA,NA
"146","Property prices nationally up 6.5% in the year https://t.co/m7yzjfMs54 https://t.co/vZTfwAVfHB",FALSE,0,NA,2019-02-14 11:53:37,FALSE,NA,"1096014594907136001",NA,"<a href=""http://publicize.wp.com/"" rel=""nofollow"">WordPress.com</a>","MyHomeProperty",0,FALSE,FALSE,NA,NA
"147","Home is where the heart is… Five romantic hideaways for Valentine’s Day https://t.co/CPNfNH31N4",FALSE,1,NA,2019-02-14 07:06:56,FALSE,NA,"1095942451108433920",NA,"<a href=""https://www.google.com/"" rel=""nofollow"">Google</a>","MyHomeProperty",0,FALSE,FALSE,NA,NA
"148","Home is where the heart is… Five romantic hideaways for Valentine’s Day https://t.co/jqpu4F7gXY https://t.co/ykRhAxfsXM",FALSE,0,NA,2019-02-14 06:50:25,FALSE,NA,"1095938292514721792",NA,"<a href=""http://publicize.wp.com/"" rel=""nofollow"">WordPress.com</a>","MyHomeProperty",1,FALSE,FALSE,NA,NA
"149","Ashfield, Ridgewood in Swords, Co Dublin is a new development of 3 and 4 bed homes which are open for viewing this… https://t.co/SSl0dX12xP",FALSE,0,NA,2019-02-13 12:02:01,TRUE,NA,"1095654322443042816",NA,"<a href=""http://twitter.com"" rel=""nofollow"">Twitter Web Client</a>","MyHomeProperty",0,FALSE,FALSE,NA,NA
"150","Shackleton Park in Lucan is a new development of 3 and 4 bed homes which are open for viewing this weekend through… https://t.co/fXcUID8p2v",FALSE,0,NA,2019-02-12 14:18:20,TRUE,NA,"1095326240335060992",NA,"<a href=""http://twitter.com"" rel=""nofollow"">Twitter Web Client</a>","MyHomeProperty",1,FALSE,FALSE,NA,NA
"151","Today’s #MondayMotivation is this stunning 5 bed detached house in Malahide, Co Dublin, which is on the market at p… https://t.co/Ys9LNMpVrA",FALSE,2,NA,2019-02-11 14:25:06,TRUE,NA,"1094965555650531328",NA,"<a href=""http://twitter.com"" rel=""nofollow"">Twitter Web Client</a>","MyHomeProperty",1,FALSE,FALSE,NA,NA
"152","Sunday's are for getting out there and exploring. If you're out and about in the Kildare area be sure to call into… https://t.co/DR9iSEH52j",FALSE,1,NA,2019-02-10 10:28:31,TRUE,NA,"1094543627580248064",NA,"<a href=""http://twitter.com"" rel=""nofollow"">Twitter Web Client</a>","MyHomeProperty",0,FALSE,FALSE,NA,NA
"153","2 Westbourne House in Terenure, Dublin 6W might date from the early 1800s but it has been superbly renovated into a… https://t.co/HgeUnz1Etn",FALSE,0,NA,2019-02-08 14:54:04,TRUE,NA,"1093885679401086976",NA,"<a href=""http://twitter.com"" rel=""nofollow"">Twitter Web Client</a>","MyHomeProperty",0,FALSE,FALSE,NA,NA
"154","Five border beauties https://t.co/HNcvgk70eD",FALSE,0,NA,2019-02-08 13:20:03,FALSE,NA,"1093862020691226624",NA,"<a href=""https://www.google.com/"" rel=""nofollow"">Google</a>","MyHomeProperty",0,FALSE,FALSE,NA,NA
"155","Five border beauties https://t.co/fO0cAzcq4l https://t.co/fgogcWR8g1",FALSE,0,NA,2019-02-08 13:15:09,FALSE,NA,"1093860788408864769",NA,"<a href=""http://publicize.wp.com/"" rel=""nofollow"">WordPress.com</a>","MyHomeProperty",0,FALSE,FALSE,NA,NA
"156","Station Manor is a new development of 4 and 5 bed homes in Portmarnock, Co Dublin. The properties are open for view… https://t.co/lWZqWvNVKQ",FALSE,0,NA,2019-02-07 15:01:09,TRUE,NA,"1093525074316009474",NA,"<a href=""http://twitter.com"" rel=""nofollow"">Twitter Web Client</a>","MyHomeProperty",0,FALSE,FALSE,NA,NA
"157","Scholarstown Wood in Rathfarnham, Dublin 16, is a new development of 3, 4 and 5 bed homes currently for sale throug… https://t.co/SeuKjXF6pB",FALSE,0,NA,2019-02-07 12:38:18,TRUE,NA,"1093489127213936640",NA,"<a href=""http://twitter.com"" rel=""nofollow"">Twitter Web Client</a>","MyHomeProperty",0,FALSE,FALSE,NA,NA
"158","Just over 18,000 new dwellings completed in Ireland last year https://t.co/jIewdzKMvI",FALSE,0,NA,2019-02-07 11:50:08,FALSE,NA,"1093477006723989505",NA,"<a href=""https://www.google.com/"" rel=""nofollow"">Google</a>","MyHomeProperty",0,FALSE,FALSE,NA,NA
"159","Just over 18,000 new dwellings completed in Ireland last year https://t.co/eqHXpPv01E https://t.co/KhjEwK2ySm",FALSE,0,NA,2019-02-07 11:39:42,FALSE,NA,"1093474380800233472",NA,"<a href=""http://publicize.wp.com/"" rel=""nofollow"">WordPress.com</a>","MyHomeProperty",1,FALSE,FALSE,NA,NA
"160","Meadowbank is a new development of homes in Miller's Glen, Swords, Co Dublin, which are coming soon via… https://t.co/HROysKmqC0",FALSE,3,NA,2019-02-07 10:04:47,TRUE,NA,"1093450493026803712",NA,"<a href=""http://twitter.com"" rel=""nofollow"">Twitter Web Client</a>","MyHomeProperty",1,FALSE,FALSE,NA,NA
"161","The Garden Residences is a stunning new development for sale at present in Whitfield Grove in Rathmines, Dublin 6,… https://t.co/NIbqyIl8vZ",FALSE,0,NA,2019-02-06 10:39:17,TRUE,NA,"1093096786644877312",NA,"<a href=""http://twitter.com"" rel=""nofollow"">Twitter Web Client</a>","MyHomeProperty",2,FALSE,FALSE,NA,NA
"162","Clog na Leinn is a new development of 3 and 4 bed homes in Collinstown, Co Westmeath. For sale through Sherry FitzG… https://t.co/eFM9Z3jLqK",FALSE,3,NA,2019-02-05 12:28:53,TRUE,NA,"1092761982464389120",NA,"<a href=""http://twitter.com"" rel=""nofollow"">Twitter Web Client</a>","MyHomeProperty",1,FALSE,FALSE,NA,NA
"163","The last two remaining Lily (3 bed semi-detached homes) in the stunning Bloomfield development in Annacotty, Co Lim… https://t.co/CHFeM2l47x",FALSE,1,NA,2019-02-04 14:25:54,TRUE,NA,"1092429040131211264",NA,"<a href=""http://twitter.com"" rel=""nofollow"">Twitter Web Client</a>","MyHomeProperty",1,FALSE,FALSE,NA,NA
"164","The final phase of these stunning new homes at Rokeby Park in Lucan are now on sale via @Sherry_Fitz. Call in this… https://t.co/koRsOKPapZ",FALSE,3,NA,2019-01-31 09:16:17,TRUE,NA,"1090901571976814592",NA,"<a href=""http://twitter.com"" rel=""nofollow"">Twitter Web Client</a>","MyHomeProperty",1,FALSE,FALSE,NA,NA
"165","Today’s #TransformationTuesday is this stylish 3 bed semi-detached house in Ranelagh, Dublin 6, which was refurbish… https://t.co/DC81M2j706",FALSE,2,NA,2019-01-29 19:09:25,TRUE,NA,"1090326065199939586",NA,"<a href=""http://twitter.com"" rel=""nofollow"">Twitter Web Client</a>","MyHomeProperty",0,FALSE,FALSE,NA,NA
"166","There will be a new release of 3 and 4 bed homes at Glenheron in Greystones, Co Wicklow, this weekend. For sale thr… https://t.co/VJ1oI2ck9w",FALSE,1,NA,2019-01-25 11:55:30,TRUE,NA,"1088767313275486208",NA,"<a href=""http://twitter.com"" rel=""nofollow"">Twitter Web Client</a>","MyHomeProperty",0,FALSE,FALSE,NA,NA
"167","€3.2 billion invested in commercial property in Ireland last year https://t.co/MUMOP0muoM",FALSE,1,NA,2019-01-24 15:01:33,FALSE,NA,"1088451745770962946",NA,"<a href=""https://www.google.com/"" rel=""nofollow"">Google</a>","MyHomeProperty",3,FALSE,FALSE,NA,NA
"168","€3.2 billion invested in commercial property in Ireland last year https://t.co/KRUcANdtNG",FALSE,1,NA,2019-01-24 14:42:46,FALSE,NA,"1088447018954047488",NA,"<a href=""http://publicize.wp.com/"" rel=""nofollow"">WordPress.com</a>","MyHomeProperty",0,FALSE,FALSE,NA,NA
"169","A new release of 4 bed homes with a new show house launches at Brighton Wood in Foxrock, Dublin 18 this weekend. Se… https://t.co/cKQ1BJGoI0",FALSE,0,NA,2019-01-24 11:42:57,TRUE,NA,"1088401766994063361",NA,"<a href=""http://twitter.com"" rel=""nofollow"">Twitter Web Client</a>","MyHomeProperty",0,FALSE,FALSE,NA,NA
"170","How stunning is this 3 bed property in Croghan, Co Roscommon. Featuring views over Canbo and Lisdaly Loughs and jus… https://t.co/0ro5g35LyS",FALSE,0,NA,2019-01-23 15:51:29,TRUE,NA,"1088101924673589249",NA,"<a href=""http://twitter.com"" rel=""nofollow"">Twitter Web Client</a>","MyHomeProperty",0,FALSE,FALSE,NA,NA
"171","New charges planned for excessive water use https://t.co/1T080Oa9TM",FALSE,0,NA,2019-01-23 12:34:51,FALSE,NA,"1088052442237939712",NA,"<a href=""https://www.google.com/"" rel=""nofollow"">Google</a>","MyHomeProperty",0,FALSE,FALSE,NA,NA
"172","It’s #TransformationTuesday and transformations don’t come much better than the job carried out on this 5 bed perio… https://t.co/fe706p6IbP",FALSE,0,NA,2019-01-22 15:30:52,TRUE,NA,"1087734348550496256",NA,"<a href=""http://twitter.com"" rel=""nofollow"">Twitter Web Client</a>","MyHomeProperty",0,FALSE,FALSE,NA,NA
"173","Today is Blue Monday, supposedly the most depressing of the year, but you’d be a lot cheerier if you were going hom… https://t.co/yBsM0fCAyQ",FALSE,1,NA,2019-01-21 14:20:48,TRUE,NA,"1087354328883625984",NA,"<a href=""http://twitter.com"" rel=""nofollow"">Twitter Web Client</a>","MyHomeProperty",0,FALSE,FALSE,NA,NA
"174","New housing completions reached a nine year high last year https://t.co/cjv5Q6E8mF",FALSE,0,NA,2019-01-21 11:57:59,FALSE,NA,"1087318386822897664",NA,"<a href=""https://www.google.com/"" rel=""nofollow"">Google</a>","MyHomeProperty",0,FALSE,FALSE,NA,NA
"175","New housing completions reached a nine year high last year https://t.co/TIuYrZjltt https://t.co/iHRYGPUoPV",FALSE,0,NA,2019-01-21 11:47:28,FALSE,NA,"1087315741764976640",NA,"<a href=""http://publicize.wp.com/"" rel=""nofollow"">WordPress.com</a>","MyHomeProperty",0,FALSE,FALSE,NA,NA
"176","Never judge a book by its cover… like this 1 bed cottage in Rialto, Dublin 8, which is located in a quiet cul-de-sa… https://t.co/ffVdpONBR9",FALSE,2,NA,2019-01-20 19:57:51,TRUE,NA,"1087076759881875458",NA,"<a href=""http://twitter.com"" rel=""nofollow"">Twitter Web Client</a>","MyHomeProperty",1,FALSE,FALSE,NA,NA
"177","The second phase of 2, 3 and 4 bed homes in Killart in Cabinteely, Dublin 18, launches this Saturday and Sunday fro… https://t.co/svjbMIW7eo",FALSE,0,NA,2019-01-18 11:47:28,TRUE,NA,"1086228577236979713",NA,"<a href=""http://twitter.com"" rel=""nofollow"">Twitter Web Client</a>","MyHomeProperty",1,FALSE,FALSE,NA,NA
"178","The second phase of 3 and 4 bed homes in Dún Ríoga in Dunshaughlin, Co Meath launches this weekend. The properties… https://t.co/ZQxHyUmRdu",FALSE,1,NA,2019-01-17 11:14:02,TRUE,NA,"1085857775370985474",NA,"<a href=""http://twitter.com"" rel=""nofollow"">Twitter Web Client</a>","MyHomeProperty",0,FALSE,FALSE,NA,NA
"179","This stunning Rathgar home might date from Victorian times but it has been stunningly restored, transformed and ext… https://t.co/89xJNYmrEM",FALSE,0,NA,2019-01-16 16:01:08,TRUE,NA,"1085567637881540613",NA,"<a href=""http://twitter.com"" rel=""nofollow"">Twitter Web Client</a>","MyHomeProperty",0,FALSE,FALSE,NA,NA
"180","Property prices up 7.1% in the year to November https://t.co/OvGL7l3r5A",FALSE,0,NA,2019-01-16 12:17:32,FALSE,NA,"1085511366067277824",NA,"<a href=""https://www.google.com/"" rel=""nofollow"">Google</a>","MyHomeProperty",0,FALSE,FALSE,NA,NA
"181","These stunning new 4 bed homes in Glasnevin, Dublin 11 are open for viewing this coming Saturday and Sunday from 2.… https://t.co/UkCMeOg6bY",FALSE,0,NA,2019-01-15 15:03:51,TRUE,NA,"1085190832662011904",NA,"<a href=""http://twitter.com"" rel=""nofollow"">Twitter Web Client</a>","MyHomeProperty",0,FALSE,FALSE,NA,NA
"182","Today’s #MondayMotivation is the stunning Glen View in Glendart, Co Cork which offers superb mountain, sea and fore… https://t.co/juJuAd6wZf",FALSE,1,NA,2018-11-12 12:04:23,TRUE,NA,"1061952845803671552",NA,"<a href=""http://twitter.com"" rel=""nofollow"">Twitter Web Client</a>","MyHomeProperty",0,FALSE,FALSE,NA,NA
"183","@carrigman @NewToMyHome Hi John, I'm not sure but will look into it.",FALSE,1,"carrigman",2018-11-11 21:32:42,FALSE,"1060961889537220608","1061733480781017089","21524993","<a href=""http://twitter.com"" rel=""nofollow"">Twitter Web Client</a>","MyHomeProperty",0,FALSE,FALSE,NA,NA
"184","This bungalow in Jamestown in Kilkenny was recently refurbished and transformed. For sale through Guiry Auctioneers… https://t.co/YTtJplwWbk",FALSE,0,NA,2018-11-11 21:30:30,TRUE,NA,"1061732926013009925",NA,"<a href=""http://twitter.com"" rel=""nofollow"">Twitter Web Client</a>","MyHomeProperty",0,FALSE,FALSE,NA,NA
"185","New home completions up 23% in third quarter https://t.co/YtTvdv013D",FALSE,1,NA,2018-11-09 15:38:19,FALSE,NA,"1060919523501580289",NA,"<a href=""https://www.google.com/"" rel=""nofollow"">Google</a>","MyHomeProperty",0,FALSE,FALSE,NA,NA
"186","Did you know you can now register your interest for open viewings on https://t.co/I0viYecPxH? Click on the ‘Interes… https://t.co/7VFJSRRFiT",FALSE,0,NA,2018-11-09 15:32:38,TRUE,NA,"1060918092119896066",NA,"<a href=""http://twitter.com"" rel=""nofollow"">Twitter Web Client</a>","MyHomeProperty",0,FALSE,FALSE,NA,NA
"187","All roads lead to Ballsbridge this Saturday for Ireland’s autumn international match against Argentina but you coul… https://t.co/AxzxhK6kS7",FALSE,0,NA,2018-11-09 10:55:10,TRUE,NA,"1060848264445071360",NA,"<a href=""http://twitter.com"" rel=""nofollow"">Twitter Web Client</a>","MyHomeProperty",0,FALSE,FALSE,NA,NA
"188","The second phase of 3 and 4 bed homes at Bellingsfield in Naas, Co Kildare, are now on sale through @SavillsIreland… https://t.co/pNyRYdNOIo",FALSE,1,NA,2018-11-08 10:37:20,TRUE,NA,"1060481390016380928",NA,"<a href=""http://twitter.com"" rel=""nofollow"">Twitter Web Client</a>","MyHomeProperty",1,FALSE,FALSE,NA,NA
"189","@maryhay7541433 @REAEdDempsey Full details via the link in original post Mary",FALSE,0,"maryhay7541433",2018-11-08 10:34:55,FALSE,"1060139728207523847","1060480779942289413","2303703709","<a href=""http://twitter.com"" rel=""nofollow"">Twitter Web Client</a>","MyHomeProperty",0,FALSE,FALSE,NA,NA
"190","It’s a wet start to the day but this 3 bed terraced house in Clonskeagh, Dublin 14 is sure to brighten your mood. O… https://t.co/0qeOwM6c9m",FALSE,0,NA,2018-11-07 08:46:04,TRUE,NA,"1060090998532071424",NA,"<a href=""http://twitter.com"" rel=""nofollow"">Twitter Web Client</a>","MyHomeProperty",0,FALSE,FALSE,NA,NA
"191","Today’s #MondayMotivation is the stunning Wolf Rock in Brittas Bay, Co Wicklow. This modern house, designed by arch… https://t.co/VC2bneOkQo",FALSE,0,NA,2018-11-05 14:47:37,TRUE,NA,"1059457212471566336",NA,"<a href=""http://twitter.com"" rel=""nofollow"">Twitter Web Client</a>","MyHomeProperty",0,FALSE,FALSE,NA,NA
"192","Carraig Buí is a new development of 4 and 5 bed homes launching this weekend in Cabinteely, Dublin 18, through… https://t.co/yHIhNLiOOT",FALSE,0,NA,2018-11-02 16:43:39,TRUE,NA,"1058399247572320256",NA,"<a href=""http://twitter.com"" rel=""nofollow"">Twitter Web Client</a>","MyHomeProperty",0,FALSE,FALSE,NA,NA
"193","There’s something wonderful about the sight of a thatched house… like this 3 bed home in Donore, Caragh, Co Kildare… https://t.co/eljUgUg6su",FALSE,0,NA,2018-11-02 11:59:32,TRUE,NA,"1058327749432107008",NA,"<a href=""http://twitter.com"" rel=""nofollow"">Twitter Web Client</a>","MyHomeProperty",0,FALSE,FALSE,NA,NA
"194","Is property a good investment? https://t.co/ET5lcvKik5",FALSE,0,NA,2018-11-02 09:53:04,FALSE,NA,"1058295919639175168",NA,"<a href=""https://www.google.com/"" rel=""nofollow"">Google</a>","MyHomeProperty",0,FALSE,FALSE,NA,NA
"195","Auburn Green is a new development of 2, 4 and 5 bed homes in Glenageary, Co Dublin which will launch this weekend t… https://t.co/BHDlixzSYT",FALSE,2,NA,2018-11-01 14:40:59,TRUE,NA,"1058005989985845248",NA,"<a href=""http://twitter.com"" rel=""nofollow"">Twitter Web Client</a>","MyHomeProperty",0,FALSE,FALSE,NA,NA
"196","Focus Ireland welcomes incentive for letting agents to rent to homeless families https://t.co/2HsJeMkpQX",FALSE,0,NA,2018-11-01 12:00:00,FALSE,NA,"1057965479048998913",NA,"<a href=""https://www.google.com/"" rel=""nofollow"">Google</a>","MyHomeProperty",0,FALSE,FALSE,NA,NA
"197","Ever wish you had an island to yourself? Now you can. @Colliers is selling the stunning Horse Island on Roaring Wat… https://t.co/RMs2KqjF6h",FALSE,1,NA,2018-10-31 15:37:39,TRUE,NA,"1057657864796413953",NA,"<a href=""http://twitter.com"" rel=""nofollow"">Twitter Web Client</a>","MyHomeProperty",1,FALSE,FALSE,NA,NA
"198","How fab are these newly built 4 bed homes in The Oaks, Bachelor’s Walk, Ashbourne, Co Meath? Just two remain on sal… https://t.co/9oKWHHrWBo",FALSE,0,NA,2018-10-30 16:07:14,TRUE,NA,"1057302921375895552",NA,"<a href=""http://twitter.com"" rel=""nofollow"">Twitter Web Client</a>","MyHomeProperty",0,FALSE,FALSE,NA,NA
"199","Two thirds of people expect house prices to rise by 5% or more in the next 12 months https://t.co/arut42BaRv",FALSE,0,NA,2018-10-30 12:26:47,FALSE,NA,"1057247440082997248",NA,"<a href=""https://www.google.com/"" rel=""nofollow"">Google</a>","MyHomeProperty",0,FALSE,FALSE,NA,NA
"200","Today’s #MondayMotivation is the stunning Lough Rusheen House in Galway. Every day would feel like a Bank Holiday i… https://t.co/LxN8YKyydW",FALSE,4,NA,2018-10-29 20:33:06,TRUE,NA,"1057007439961317376",NA,"<a href=""http://twitter.com"" rel=""nofollow"">Twitter Web Client</a>","MyHomeProperty",0,FALSE,FALSE,NA,NA
"201","A new development of homes in Carrickmines, Dublin 18, with prices starting from €270,000? There’s sure to be plent… https://t.co/H0sFE7wFNq",FALSE,0,NA,2018-10-25 11:43:39,TRUE,NA,"1055424648534462464",NA,"<a href=""http://twitter.com"" rel=""nofollow"">Twitter Web Client</a>","MyHomeProperty",0,FALSE,FALSE,NA,NA
"202","They may have an age old curse against them but that's not stopping us lusting over this hidden gem in lovely Mayo… https://t.co/zwdaz5Dg9Y",FALSE,1,NA,2018-10-24 13:25:35,TRUE,NA,"1055087912545644544",NA,"<a href=""http://twitter.com"" rel=""nofollow"">Twitter Web Client</a>","MyHomeProperty",0,FALSE,FALSE,NA,NA
"203","A 21st Century house with a Victorian feel…. Today’s #TransformationTuesday is this superb 5 bed home in Portobello… https://t.co/uicZd5wAB6",FALSE,0,NA,2018-10-23 11:23:00,TRUE,NA,"1054694674064138241",NA,"<a href=""http://twitter.com"" rel=""nofollow"">Twitter Web Client</a>","MyHomeProperty",0,FALSE,FALSE,NA,NA
"204","Today’s #MondayMotivation is this stunning new development of 4 mews style residences in Donnybrook, Dublin 4. For… https://t.co/dpKWHQMwrJ",FALSE,2,NA,2018-10-22 13:58:46,TRUE,NA,"1054371486029488133",NA,"<a href=""http://twitter.com"" rel=""nofollow"">Twitter Web Client</a>","MyHomeProperty",1,FALSE,FALSE,NA,NA
"205","Sunday fear? In a house like this? We don’t think so! Have a look inside and tell us what you think!… https://t.co/oq330tGsCO",FALSE,0,NA,2018-10-21 20:03:48,TRUE,NA,"1054100962091167745",NA,"<a href=""http://twitter.com"" rel=""nofollow"">Twitter Web Client</a>","MyHomeProperty",0,FALSE,FALSE,NA,NA
"206","Five new developments launching this weekend https://t.co/01MnVvN7oi",FALSE,0,NA,2018-10-19 15:38:58,FALSE,NA,"1053309540530315275",NA,"<a href=""https://www.google.com/"" rel=""nofollow"">Google</a>","MyHomeProperty",0,FALSE,FALSE,NA,NA
"207","Five new developments launching this weekend https://t.co/5Kp5tLE891 https://t.co/G3u7IQKs4w",FALSE,0,NA,2018-10-19 14:48:50,FALSE,NA,"1053296925443801088",NA,"<a href=""http://publicize.wp.com/"" rel=""nofollow"">WordPress.com</a>","MyHomeProperty",0,FALSE,FALSE,NA,NA
"208","Rockville is a new development of 3, 4 and 5 bed homes on the Glenamuck Road, Dublin 18. For sale through @dng_ie,… https://t.co/LKEwjZ4Hy9",FALSE,3,NA,2018-10-18 11:12:15,TRUE,NA,"1052880030043275264",NA,"<a href=""http://twitter.com"" rel=""nofollow"">Twitter Web Client</a>","MyHomeProperty",1,FALSE,FALSE,NA,NA
"209","This 3 bed beauty in Skerries has just landed on https://t.co/I0viYecPxH and we reckon it won't hang around for lon… https://t.co/HJLGwE5kHG",FALSE,0,NA,2018-10-17 09:39:11,TRUE,NA,"1052494220559298560",NA,"<a href=""http://twitter.com"" rel=""nofollow"">Twitter Web Client</a>","MyHomeProperty",0,FALSE,FALSE,NA,NA
"210","Today’s #TransformationTuesday property is this stunning property in Blackpits, Dublin 8 which has been completely… https://t.co/SAKid2fUF1",FALSE,0,NA,2018-10-16 11:28:17,TRUE,NA,"1052159288590983169",NA,"<a href=""http://twitter.com"" rel=""nofollow"">Twitter Web Client</a>","MyHomeProperty",0,FALSE,FALSE,NA,NA
"211","First-time buyers in Ireland paying €157 more on average each month on their mortgage https://t.co/Xx8jz71H2R",FALSE,0,NA,2018-10-15 15:09:21,FALSE,NA,"1051852536272048129",NA,"<a href=""https://www.google.com/"" rel=""nofollow"">Google</a>","MyHomeProperty",0,FALSE,FALSE,NA,NA
"212","Today’s #MondayMotivation is this stunning 6 bed house in Old Leighlin in Carlow. For sale through @PGAuctioneers,… https://t.co/t8Hi5WCrcB",FALSE,1,NA,2018-10-15 11:33:22,TRUE,NA,"1051798181976129539",NA,"<a href=""http://twitter.com"" rel=""nofollow"">Twitter Web Client</a>","MyHomeProperty",1,FALSE,FALSE,NA,NA
"213","The thoughts of Monday morning has us feeling a little down right now but we perked up when we came across this stu… https://t.co/jyUciW5M5o",FALSE,0,NA,2018-10-14 19:30:58,TRUE,NA,"1051555983393267712",NA,"<a href=""http://twitter.com"" rel=""nofollow"">Twitter Web Client</a>","MyHomeProperty",0,FALSE,FALSE,NA,NA
"214","The former home of the late Taoiseach Garret Fitzgerald, Eglinton House in Donnybrook, Dublin 4, has just come on t… https://t.co/2K3uz2aNbw",FALSE,0,NA,2018-10-12 11:15:20,TRUE,NA,"1050706479072849922",NA,"<a href=""http://twitter.com"" rel=""nofollow"">Twitter Web Client</a>","MyHomeProperty",1,FALSE,FALSE,NA,NA
"215","With sea views towards Ireland’s Eye and beyond, family homes don’t come much more modern and stylish than this stu… https://t.co/cCHwWOJpqh",FALSE,0,NA,2018-10-11 15:09:58,TRUE,NA,"1050403137012621313",NA,"<a href=""http://twitter.com"" rel=""nofollow"">Twitter Web Client</a>","MyHomeProperty",0,FALSE,FALSE,NA,NA
"216","Dún Ríoga, a new development of 3 and 4 bed homes in Dunshaughlin, Co Meath launches this weekend through… https://t.co/54nrz3Vuf8",FALSE,0,NA,2018-10-11 10:50:07,TRUE,NA,"1050337746072608769",NA,"<a href=""http://twitter.com"" rel=""nofollow"">Twitter Web Client</a>","MyHomeProperty",0,FALSE,FALSE,NA,NA
"217","Residential property prices rise 8.6% in the year to August https://t.co/Zvhg9mgqcy",FALSE,0,NA,2018-10-10 14:39:18,FALSE,NA,"1050033035159191552",NA,"<a href=""https://www.google.com/"" rel=""nofollow"">Google</a>","MyHomeProperty",0,FALSE,FALSE,NA,NA
"218","€2.3 billion allocated for housing programmes in 2019 https://t.co/GCdtWgv0tc",FALSE,0,NA,2018-10-09 13:58:32,FALSE,NA,"1049660386734157825",NA,"<a href=""https://www.google.com/"" rel=""nofollow"">Google</a>","MyHomeProperty",0,FALSE,FALSE,NA,NA
"219","Steal a gallop on others by checking out this stunning 5 bed bungalow on the Fairyhouse Road in Ratoath, Co Meath.… https://t.co/EZIflTVt6V",FALSE,1,NA,2018-10-09 13:58:25,TRUE,NA,"1049660355184603138",NA,"<a href=""http://twitter.com"" rel=""nofollow"">Twitter Web Client</a>","MyHomeProperty",0,FALSE,FALSE,NA,NA
"220","Today's Monday Motivation comes in the form of this Dalkey beauty, anyone spot this eye catcher on their Sunday dri… https://t.co/dsasHgdpbs",FALSE,4,NA,2018-10-08 13:58:46,TRUE,NA,"1049298058998153216",NA,"<a href=""http://twitter.com"" rel=""nofollow"">Twitter Web Client</a>","MyHomeProperty",2,FALSE,FALSE,NA,NA
"221","The Teal in Rokeby Park in Lucan is open for viewing from 2pm to 3pm today with @Sherry_Fitz. Check it out by calli… https://t.co/mqXXq4u0ZW",FALSE,1,NA,2018-08-11 11:29:12,TRUE,NA,"1028241922140381185",NA,"<a href=""http://twitter.com"" rel=""nofollow"">Twitter Web Client</a>","MyHomeProperty",1,FALSE,FALSE,NA,NA
"222","This chalet for rent in Co Longford has a real Wanderly Wagon feel to it. Available through Chazey Properties Ltd,… https://t.co/WRdI7XAfMs",FALSE,0,NA,2018-08-09 18:34:59,TRUE,NA,"1027624295974006784",NA,"<a href=""http://twitter.com"" rel=""nofollow"">Twitter Web Client</a>","MyHomeProperty",0,FALSE,FALSE,NA,NA
"223","How about this for a #ThrowbackThursday home? The Coach House in Old Conna Village in Rathmichael, Co Dublin, dates… https://t.co/nBL3qIkoJV",FALSE,0,NA,2018-08-09 09:39:55,TRUE,NA,"1027489642197798912",NA,"<a href=""http://twitter.com"" rel=""nofollow"">Twitter Web Client</a>","MyHomeProperty",0,FALSE,FALSE,NA,NA
"224","@AlexMeadeWilson Hi Alex, Sorry to hear you are having trouble. Our app is developed externally but I will pass the… https://t.co/SxLdz5VGNx",FALSE,0,"AlexMeadeWilson",2018-08-09 08:11:20,TRUE,"1027347629125062657","1027467351153881091","40112497","<a href=""http://twitter.com"" rel=""nofollow"">Twitter Web Client</a>","MyHomeProperty",0,FALSE,FALSE,NA,NA
"225","Check out this stunning two bed penthouse apartment currently on the market at Rockfield in Dundrum, Dublin 14. For… https://t.co/Kkk6fEB0FM",FALSE,1,NA,2018-08-08 14:13:52,TRUE,NA,"1027196199433064448",NA,"<a href=""http://twitter.com"" rel=""nofollow"">Twitter Web Client</a>","MyHomeProperty",2,FALSE,FALSE,NA,NA
"226","Construction prices could hit boom-time peak next year, warn SCSI https://t.co/0rqJ8uT83L",FALSE,0,NA,2018-08-08 09:19:23,FALSE,NA,"1027122086211403776",NA,"<a href=""https://www.google.com/"" rel=""nofollow"">Google</a>","MyHomeProperty",0,FALSE,FALSE,NA,NA
"227","Recently added to the site in Monageer, Co Wexford, is this 5 bed detached house set on 3.7 acres of secluded garde… https://t.co/DqeLZUPr5o",FALSE,0,NA,2018-08-08 08:10:24,TRUE,NA,"1027104729220960256",NA,"<a href=""http://twitter.com"" rel=""nofollow"">Twitter Web Client</a>","MyHomeProperty",0,FALSE,FALSE,NA,NA
"228","Today’s #TransformationTuesday is this 2 bed Victorian house in Portobello, Dublin 8 which has been completely reno… https://t.co/NvHjzyi6yi",FALSE,0,NA,2018-08-07 14:24:05,TRUE,NA,"1026836378779373569",NA,"<a href=""http://twitter.com"" rel=""nofollow"">Twitter Web Client</a>","MyHomeProperty",0,FALSE,FALSE,NA,NA
"229","@carrigman @NewToMyHome Should be sorted now",FALSE,0,"carrigman",2018-08-07 14:23:31,FALSE,"1026163845176483842","1026836238911922176","21524993","<a href=""http://twitter.com"" rel=""nofollow"">Twitter Web Client</a>","MyHomeProperty",0,FALSE,FALSE,NA,NA
"230","@PptrIe Hi guys, I'll pass your feedback on to our IT team to have a look at",FALSE,0,"PptrIe",2018-08-07 11:23:27,FALSE,"1026754156357406720","1026790924121198592","900303008004800515","<a href=""http://twitter.com"" rel=""nofollow"">Twitter Web Client</a>","MyHomeProperty",0,FALSE,FALSE,NA,NA
"231","@carrigman @NewToMyHome Hi John, we're looking into it and hope to have it back online soon",FALSE,1,"carrigman",2018-08-07 11:22:45,FALSE,"1026163845176483842","1026790745435455488","21524993","<a href=""http://twitter.com"" rel=""nofollow"">Twitter Web Client</a>","MyHomeProperty",0,FALSE,FALSE,NA,NA
"232","Browsing the web wishing it was still the Bank Holiday weekend? This 4 bed detached house in Blackrock, Co Dublin,… https://t.co/OA3E705ana",FALSE,2,NA,2018-08-07 08:09:15,TRUE,NA,"1026742050526560256",NA,"<a href=""http://twitter.com"" rel=""nofollow"">Twitter Web Client</a>","MyHomeProperty",0,FALSE,FALSE,NA,NA
"233","Located on the grounds of Lough Rynn Castle in Mohill, Co Leitrim, this stunning 4 bed house is just minutes from t… https://t.co/CW633OwUgs",FALSE,2,NA,2018-08-05 08:59:57,TRUE,NA,"1026030035445141504",NA,"<a href=""http://twitter.com"" rel=""nofollow"">Twitter Web Client</a>","MyHomeProperty",1,FALSE,FALSE,NA,NA
"234","The Bank Holiday weekend is here and that means people will be both chilling out and entertaining. You can do both… https://t.co/jcEniMVA9e",FALSE,1,NA,2018-08-04 12:54:15,TRUE,NA,"1025726608647192577",NA,"<a href=""http://twitter.com"" rel=""nofollow"">Twitter Web Client</a>","MyHomeProperty",0,FALSE,FALSE,NA,NA
"235","This swish Midleton property in Co Cork boasts almost 5,000sq ft of living space. For sale through Cronin Wall Prop… https://t.co/jkNLhd2Zwj",FALSE,1,NA,2018-08-02 15:03:59,TRUE,NA,"1025034483563732993",NA,"<a href=""http://twitter.com"" rel=""nofollow"">Twitter Web Client</a>","MyHomeProperty",0,FALSE,FALSE,NA,NA
"236","Mortgage lending growth at its highest level in eight years https://t.co/1C7Pg9NU1T",FALSE,0,NA,2018-07-31 14:42:16,FALSE,NA,"1024304242184675330",NA,"<a href=""https://www.google.com/"" rel=""nofollow"">Google</a>","MyHomeProperty",0,FALSE,FALSE,NA,NA
"237","Today’s #TransformationTuesday is this stunning 5 bed semi-detached house in Rathgar, Dublin 6. Dating from 1908, t… https://t.co/H7PjuhNDvr",FALSE,1,NA,2018-07-31 14:00:56,TRUE,NA,"1024293840197439489",NA,"<a href=""http://twitter.com"" rel=""nofollow"">Twitter Web Client</a>","MyHomeProperty",0,FALSE,FALSE,NA,NA
"238","Today’s #MondayMotivation is this stunning home in Killiney, Co Dublin, which boasts spectacular sea views as well… https://t.co/rZ48hXHmUv",FALSE,1,NA,2018-07-30 13:59:19,TRUE,NA,"1023931043714355201",NA,"<a href=""http://twitter.com"" rel=""nofollow"">Twitter Web Client</a>","MyHomeProperty",1,FALSE,FALSE,NA,NA
